,userid,age,tenure_in_days,previous_transaction_date,last_transaction_date,feature_count,total_fuel_order,fuel_amount,avg_spend_amount_per_order,avg_spend_amount_per_month,avg_transaction_days,paymentmethod_mode,fuelgrade_mode,topup_count,topup_amount,avg_topup_amount_per_topup,topupmethod_mode,email_verified,user_language,account_verified,user_gender,days_difference,days_refdate_vs_lasttransdate,churn
99,a39a6295-ee8e-4f10-af28-4c70c3b1c4fa,,147,2022-06-26 00:00:00+00:00,2022-06-28 00:00:00+00:00,1,25,1016.59,40.6636,169.4316667,5,Setel Wallet,PRIMAX 95,18,1070,59.44444444,Bank Account,No,EN,Yes,Unknown gender,2,3,0
127,25b45be0-40a9-4d02-ba17-87e7b969fc4f,,103,2022-06-22 00:00:00+00:00,2022-06-26 00:00:00+00:00,1,9,120,13.33333333,40,11,Setel Wallet,PRIMAX 95,3,120,40,Card,No,EN,Yes,Male,4,5,0
128,ae35b29a-5e69-4f62-a8e1-0f97a72b475c,,149,2022-05-14 00:00:00+00:00,2022-06-26 00:00:00+00:00,1,9,214.15,23.79444444,53.5375,16,CardTerus,PRIMAX 95,2,60,30,Card,Yes,EN,Yes,Unknown gender,43,5,0
129,42b36873-fcad-4d40-906f-cdbcb2c3e835,,117,2022-05-27 00:00:00+00:00,2022-06-24 00:00:00+00:00,1,7,35,5,7,16,Setel Wallet,PRIMAX 95,4,40,10,Bank Account,No,EN,Yes,Unknown gender,28,7,0
130,52cb8f90-21c1-4267-87c7-9f6640bcec23,,76,2022-06-30 00:00:00+00:00,2022-06-30 00:00:00+00:00,1,65,415.3,6.389230769,103.825,1,Setel Wallet,PRIMAX 95,38,417,10.97368421,Card,No,EN,Yes,Male,0,1,0
131,904f93f5-dcd3-4bf4-ad06-f3beba57f2c2,28,104,2022-06-30 00:00:00+00:00,2022-06-30 00:00:00+00:00,1,42,1249.58,29.75190476,312.395,2,Setel Wallet,PRIMAX 95,41,1249.58,30.47756098,Card,No,EN,Yes,Male,0,1,0
132,9ea3d8a4-eba0-4947-9cf5-232662a1e06f,52,152,2022-06-27 00:00:00+00:00,2022-06-30 00:00:00+00:00,1,40,1491.26,37.2815,248.5433333,3,Setel Wallet,PRIMAX 95,16,1638,102.375,Bank Account,No,EN,Yes,Female,3,1,0
133,222da41c-bbd2-4d43-a360-427b1be51967,39,154,2022-06-13 00:00:00+00:00,2022-06-26 00:00:00+00:00,1,27,918.84,34.03111111,153.14,5,Setel Wallet,PRIMAX 95,11,1013,92.09090909,Bank Account,Yes,EN,Yes,Male,13,5,0
134,2a0a7e59-482b-4708-a6c7-d4c61cdaf84a,25,101,2022-06-26 00:00:00+00:00,2022-06-30 00:00:00+00:00,1,21,645,30.71428571,161.25,4,Setel Wallet,PRIMAX 95,11,710,64.54545455,Bank Account,No,EN,Yes,Female,4,1,0
135,2dd0316e-9fc7-492f-b582-f3288b03a656,,87,2022-06-13 00:00:00+00:00,2022-06-18 00:00:00+00:00,1,16,547.05,34.190625,136.7625,5,Setel Wallet,PRIMAX 95,10,570,57,Bank Account,No,EN,Yes,Female,5,13,0
136,703bccc7-077f-46c6-8533-31077dbf5d14,27,155,2022-06-23 00:00:00+00:00,2022-06-27 00:00:00+00:00,1,45,1612.99,35.84422222,268.8316667,3,Setel Wallet,PRIMAX 95,14,1700,121.4285714,Bank Account,No,EN,Yes,Female,4,4,0
137,783e808b-20e2-4cc8-8dad-7a0c0a1bd650,24,102,2022-05-29 00:00:00+00:00,2022-06-27 00:00:00+00:00,1,12,380,31.66666667,95,8,Setel Wallet,PRIMAX 95,9,380,42.22222222,Bank Account,No,EN,Yes,Male,29,4,0
138,b4c079dd-9320-4977-a3fe-02ada42efa38,,151,2022-06-25 00:00:00+00:00,2022-06-30 00:00:00+00:00,1,16,665,41.5625,110.8333333,9,Setel Wallet,PRIMAX 95,16,670,41.875,Bank Account,No,EN,Yes,Unknown gender,5,1,0
139,b627c980-e610-4409-955d-2603af78d50a,,101,2022-06-16 00:00:00+00:00,2022-06-30 00:00:00+00:00,1,14,300,21.42857143,60,7,Setel Wallet,PRIMAX 95,14,310,22.14285714,Bank Account,Yes,EN,Yes,Unknown gender,14,1,0
140,15fb7f5f-3943-4f5b-9363-26169792a9fc,35,145,2022-06-20 00:00:00+00:00,2022-06-22 00:00:00+00:00,1,31,1083,34.93548387,180.5,4,Setel Wallet,PRIMAX 95,17,1100.02,64.70705882,Bank Account,No,EN,Yes,Female,2,9,0
141,1c79ae28-5591-4fe7-8408-8c360835255b,28,72,2022-06-28 00:00:00+00:00,2022-06-30 00:00:00+00:00,1,111,1020.76,9.196036036,255.19,0,Setel Wallet,PRIMAX 95,33,920,27.87878788,Card,No,EN,Yes,Male,2,1,0
126,0c6688b1-25f9-47c6-93d8-f84b42824d94,30,144,2022-06-12 00:00:00+00:00,2022-06-23 00:00:00+00:00,1,19,1182.73,62.24894737,197.1216667,7,CardTerus,PRIMAX 95,6,420,70,Card,No,EN,Yes,Unknown gender,11,8,0
125,1167d251-9ef1-4130-8b76-4bcc32252a8f,,86,2022-06-23 00:00:00+00:00,2022-06-26 00:00:00+00:00,1,22,1345,61.13636364,336.25,3,Setel Wallet,PRIMAX 95,8,1620,202.5,Bank Account,No,EN,Yes,Unknown gender,3,5,0
124,b7dac2aa-729e-4f61-b799-23e32aeccae0,24,125,2022-06-25 00:00:00+00:00,2022-06-27 00:00:00+00:00,1,55,1790,32.54545455,358,2,Setel Wallet,PRIMAX 95,55,1782,32.4,Card,No,EN,Yes,Male,2,4,0
123,add19d7c-d145-4852-9dc1-dd5fffb727b6,,74,2022-06-24 00:00:00+00:00,2022-06-24 00:00:00+00:00,1,20,593.08,29.654,148.27,3,CardTerus,PRIMAX 95,3,130,43.33333333,Card,No,EN,Yes,Unknown gender,0,7,0
198,1c130008-efe5-4ba9-9c60-43bff8b85d72,27,86,2022-06-06 00:00:00+00:00,2022-06-19 00:00:00+00:00,1,11,365,33.18181818,91.25,7,Setel Wallet,PRIMAX 95,11,365,33.18181818,Bank Account,No,EN,Yes,Female,13,12,0
100,17fa15cc-09d4-44c1-af43-92bee9e58e67,,134,2022-06-27 00:00:00+00:00,2022-06-29 00:00:00+00:00,1,64,2557.46,39.9603125,426.2433333,2,CardTerus,PRIMAX 95,38,1464.29,38.53394737,Card,No,EN,Yes,Unknown gender,2,2,0
101,30b96a6e-b621-4fe9-a5e7-23a69804c9dc,,76,2022-06-27 00:00:00+00:00,2022-06-29 00:00:00+00:00,1,11,240,21.81818182,60,6,Setel Wallet,PRIMAX 95,11,240,21.81818182,Bank Account,Yes,EN,Yes,Male,2,2,0
102,3a1c25a7-ad45-48bf-8fbe-d58820ba8275,,141,2022-06-30 00:00:00+00:00,2022-06-30 00:00:00+00:00,1,49,1840.82,37.5677551,306.8033333,2,Setel Wallet,EURO5,22,1870,85,Bank Account,No,EN,Yes,Unknown gender,0,1,0
103,7866775d-83d2-43ff-ba2d-c588cb7f20ca,,76,2022-06-22 00:00:00+00:00,2022-06-30 00:00:00+00:00,1,13,690.35,53.10384615,172.5875,5,Setel Wallet,PRIMAX 95,7,430,61.42857143,Card,No,EN,Yes,Unknown gender,8,1,0
104,b95b508b-a477-4b64-a146-2fb0ab9fc529,29,126,2022-06-27 00:00:00+00:00,2022-06-28 00:00:00+00:00,1,72,3789.87,52.63708333,757.974,1,Setel Wallet,PRIMAX 95,49,3787.76,77.30122449,Card,Yes,EN,Yes,Male,1,3,0
105,18d061e5-15c6-4287-888d-afec6318aed2,24,83,2022-06-23 00:00:00+00:00,2022-06-30 00:00:00+00:00,1,16,310,19.375,77.5,5,Setel Wallet,PRIMAX 95,6,310,51.66666667,Bank Account,No,EN,Yes,Female,7,1,0
142,18f3184a-fd09-4d73-82c1-23614fda0f96,32,148,2022-06-29 00:00:00+00:00,2022-06-30 00:00:00+00:00,1,54,2021.6,37.43703704,336.9333333,2,Setel Wallet,PRIMAX 95,25,2021.6,80.864,Bank Account,No,MS,Yes,Male,1,1,0
106,24fad273-1f8d-4ae8-8a0f-e2c5020185b8,24,121,2022-06-18 00:00:00+00:00,2022-06-26 00:00:00+00:00,1,18,773.65,42.98055556,154.73,6,Setel Wallet,PRIMAX 95,15,780,52,Bank Account,No,ZH-HANS,Yes,Female,8,5,0
116,91acd440-012b-41f0-a776-5a9d4f64773a,27,145,2022-06-24 00:00:00+00:00,2022-06-27 00:00:00+00:00,1,27,1239.84,45.92,206.64,5,Setel Wallet,PRIMAX 95,18,1282.5,71.25,Bank Account,No,EN,Yes,Female,3,4,0
117,957791dc-a85b-4ffd-bac0-187a48959ec5,24,135,2022-06-14 00:00:00+00:00,2022-06-28 00:00:00+00:00,1,11,240,21.81818182,48,12,Setel Wallet,PRIMAX 95,9,245,27.22222222,Bank Account,No,EN,Yes,Female,14,3,0
118,a5ba951f-49c5-40e8-8a50-37b2c69ce911,30,129,2022-06-23 00:00:00+00:00,2022-06-28 00:00:00+00:00,1,33,1912.96,57.96848485,382.592,3,Setel Wallet,PRIMAX 95,14,1967.96,140.5685714,Bank Account,No,EN,Yes,Female,5,3,0
119,1346de66-da7e-42b3-8fb6-4398cd058cdb,,82,2022-06-26 00:00:00+00:00,2022-06-26 00:00:00+00:00,1,18,786.06,43.67,196.515,4,Setel Wallet,PRIMAX 95,13,790,60.76923077,Bank Account,No,EN,Yes,Unknown gender,0,5,0
120,2d5263a2-1b79-41af-aedb-a01915de81be,,120,2022-06-20 00:00:00+00:00,2022-06-26 00:00:00+00:00,1,14,733,52.35714286,146.6,8,Setel Wallet,PRIMAX 95,15,740,49.33333333,Card,Yes,EN,Yes,Unknown gender,6,5,0
121,6e6e4a8f-320c-4dc5-a308-ace66caf39a8,,83,2022-06-22 00:00:00+00:00,2022-06-28 00:00:00+00:00,1,26,372,14.30769231,93,3,Setel Wallet,PRIMAX 95,24,400,16.66666667,Bank Account,No,EN,Yes,Unknown gender,6,3,0
122,78daadc7-99ac-4db2-85d4-4f255cfbf6e5,46,151,2022-06-30 00:00:00+00:00,2022-06-30 00:00:00+00:00,1,170,8100.45,47.64970588,1350.075,0,Setel Wallet,PRIMAX 95,51,8174.04,160.2752941,Card,No,EN,Yes,Male,0,1,0
115,4ad551ae-548e-4761-b988-ede732d6ee69,,86,2022-04-22 00:00:00+00:00,2022-06-25 00:00:00+00:00,1,11,256.05,23.27727273,85.35,7,Setel Wallet,PRIMAX 95,4,320,80,Bank Account,No,EN,Yes,Unknown gender,64,6,0
98,96e06604-114c-4f3c-9723-08f596d01698,27,145,2022-06-22 00:00:00+00:00,2022-06-25 00:00:00+00:00,1,22,993.81,45.17318182,198.762,6,Setel Wallet,PRIMAX 95,15,1015,67.66666667,Bank Account,No,EN,Yes,Female,3,6,0
143,34c241e8-369d-4bf7-8f91-783bab9cbbaf,,130,2022-06-24 00:00:00+00:00,2022-06-27 00:00:00+00:00,1,32,893.91,27.9346875,148.985,4,Setel Wallet,PRIMAX 95,29,892,30.75862069,Bank Account,No,EN,Yes,Unknown gender,3,4,0
145,329aa2cc-03f4-4bac-8504-8c1478c6f458,,76,2022-06-04 00:00:00+00:00,2022-06-25 00:00:00+00:00,1,9,195,21.66666667,48.75,8,Setel Wallet,PRIMAX 95,9,195,21.66666667,Bank Account,No,EN,Yes,Unknown gender,21,6,0
166,a8808e2f-2baa-474a-be63-7571a38cb9fb,23,158,2022-06-09 00:00:00+00:00,2022-06-17 00:00:00+00:00,1,21,459,21.85714286,76.5,7,Setel Wallet,PRIMAX 95,36,659.12,18.30888889,Redemption Points,No,EN,Yes,Female,8,14,0
167,b568f60e-317a-4ec5-9dfd-ee9b36903500,,102,2022-06-20 00:00:00+00:00,2022-06-24 00:00:00+00:00,1,31,514,16.58064516,102.8,3,Setel Wallet,PRIMAX 95,12,670,55.83333333,Bank Account,No,EN,Yes,Unknown gender,4,7,0
168,ba092a74-10ee-4a2e-ba46-bd11813b1805,52,152,2022-06-24 00:00:00+00:00,2022-06-27 00:00:00+00:00,1,35,1044.81,29.85171429,174.135,4,Setel Wallet,PRIMAX 95,23,1154.97,50.21608696,Bank Account,No,EN,Yes,Male,3,4,0
169,17fe0f95-63dd-4fc4-bd5d-a84fd04b254c,28,145,2022-06-14 00:00:00+00:00,2022-06-23 00:00:00+00:00,1,17,880,51.76470588,146.6666667,8,Setel Wallet,PRIMAX 95,5,1300,260,Card,No,ZH-HANS,Yes,Male,9,8,0
170,0f509a2f-43bb-4b5a-9a4b-450b7c17cb65,,132,2022-06-25 00:00:00+00:00,2022-06-26 00:00:00+00:00,1,29,1994.61,68.77965517,332.435,4,Setel Wallet,PRIMAX 95,18,2090,116.1111111,Card,No,EN,Yes,Unknown gender,1,5,0
171,2d5f3f0b-9aa7-4344-80a4-1b085093a922,50,80,2022-06-18 00:00:00+00:00,2022-06-28 00:00:00+00:00,1,23,1304.55,56.71956522,326.1375,3,Setel Wallet,PRIMAX 95,19,1304.55,68.66052632,Card,No,EN,Yes,Female,10,3,0
172,b828b0db-85c4-4c8e-a515-66cf49da0264,,100,2022-06-14 00:00:00+00:00,2022-06-22 00:00:00+00:00,1,21,444,21.14285714,111,4,CardTerus,PRIMAX 95,12,345,28.75,Card,No,EN,Yes,Unknown gender,8,9,0
190,5048ebbd-94c4-4fea-9015-b596d6c6800a,,143,2022-06-19 00:00:00+00:00,2022-06-19 00:00:00+00:00,1,17,609.94,35.87882353,101.6566667,8,Setel Wallet,PRIMAX 95,16,610,38.125,Bank Account,No,EN,Yes,Unknown gender,0,12,0
191,9a83dcdc-03e9-455d-8267-5508ac60f465,41,102,2022-06-27 00:00:00+00:00,2022-06-27 00:00:00+00:00,1,41,1699.18,41.44341463,424.795,2,Setel Wallet,PRIMAX 95,16,1690,105.625,Card,Yes,EN,Yes,Male,0,4,0
192,a62a6f1d-5812-42e6-a4ee-336022d4d72e,,148,2022-06-21 00:00:00+00:00,2022-06-28 00:00:00+00:00,1,23,1174.26,51.05478261,195.71,6,Setel Wallet,PRIMAX 95,24,1180,49.16666667,Card,No,EN,Yes,Unknown gender,7,3,0
193,182540c9-dd94-4a51-b08e-6788e9534139,,131,2022-06-25 00:00:00+00:00,2022-06-30 00:00:00+00:00,1,23,860,37.39130435,172,5,CardTerus,PRIMAX 95,13,852,65.53846154,Card,No,EN,Yes,Unknown gender,5,1,0
194,3275de38-5057-489c-b281-f66ad92f0a63,36,133,2022-06-20 00:00:00+00:00,2022-06-29 00:00:00+00:00,1,13,610,46.92307692,101.6666667,10,Setel Wallet,PRIMAX 95,9,720,80,Bank Account,No,EN,Yes,Female,9,2,0
195,3ab65373-912e-4327-8d63-dfa5ddb1356d,,90,2022-06-27 00:00:00+00:00,2022-06-27 00:00:00+00:00,1,62,5354.39,86.36112903,1338.5975,1,Setel Wallet,PRIMAX 95,24,5490,228.75,Card,No,EN,Yes,Unknown gender,0,4,0
196,af36063b-1dbe-42c2-8614-fbe30603295a,26,158,2022-06-15 00:00:00+00:00,2022-06-25 00:00:00+00:00,1,66,1825.78,27.66333333,304.2966667,2,Setel Wallet,PRIMAX 95,20,2030.45,101.5225,Bank Account,Yes,EN,Yes,Male,10,6,0
197,36366d53-d3fd-4b2f-82a6-d7eafd3e68ff,25,157,2022-06-17 00:00:00+00:00,2022-06-24 00:00:00+00:00,1,24,1931.09,80.46208333,321.8483333,6,Setel Wallet,EURO5,10,2193,219.3,Card,Yes,EN,Yes,Male,7,7,0
165,739de1dd-e647-4fc7-af3b-e8f4fa0c51c3,,143,2022-05-09 00:00:00+00:00,2022-06-23 00:00:00+00:00,1,19,478,25.15789474,79.66666667,7,Setel Wallet,PRIMAX 95,12,480,40,Bank Account,No,EN,Yes,Unknown gender,45,8,0
164,3aac28ba-74a0-4777-a202-52305a9a919f,42,102,2022-06-24 00:00:00+00:00,2022-06-25 00:00:00+00:00,1,30,790,26.33333333,158,3,Setel Wallet,PRIMAX 95,26,785,30.19230769,Bank Account,No,EN,Yes,Male,1,6,0
163,2b6724a5-61e9-48af-bf2f-943a85a33d3d,34,135,2022-06-22 00:00:00+00:00,2022-06-24 00:00:00+00:00,1,52,4255.77,81.84173077,709.295,2,CardTerus,PRIMAX 95,1,100,100,Card,No,EN,Yes,Female,2,7,0
162,23857a74-059e-43ee-8006-5c53a63792e8,50,150,2022-06-23 00:00:00+00:00,2022-06-27 00:00:00+00:00,1,22,1020,46.36363636,170,6,Setel Wallet,PRIMAX 95,18,1035,57.5,Bank Account,No,EN,Yes,Female,4,4,0
146,93fed7ca-3df1-4cb3-87f4-fdc024a59584,33,85,2022-06-11 00:00:00+00:00,2022-06-26 00:00:00+00:00,1,31,730,23.5483871,243.3333333,2,Setel Wallet,PRIMAX 95,10,730,73,Bank Account,No,EN,Yes,Male,15,5,0
147,a4d724a8-9a8a-4088-ac37-0397c35a0789,,88,2022-06-24 00:00:00+00:00,2022-06-25 00:00:00+00:00,1,13,534.11,41.08538462,133.5275,6,Setel Wallet,PRIMAX 95,13,535,41.15384615,Bank Account,No,EN,Yes,Unknown gender,1,6,0
148,241faa2f-7a32-40d9-a525-c45a0ab64dd1,26,119,2022-06-19 00:00:00+00:00,2022-06-25 00:00:00+00:00,1,13,436,33.53846154,87.2,9,Setel Wallet,PRIMAX 95,14,435,31.07142857,Bank Account,No,EN,Yes,Female,6,6,0
149,2b69fe2b-1a45-48a9-8408-a943d322fc7c,47,138,2022-06-26 00:00:00+00:00,2022-06-30 00:00:00+00:00,1,33,1940,58.78787879,323.3333333,4,Setel Wallet,PRIMAX 95,19,2090,110,Card,No,EN,Yes,Female,4,1,0
150,3bffdbb4-af71-4fd8-848c-05807bb25b04,,113,2022-06-17 00:00:00+00:00,2022-06-25 00:00:00+00:00,1,22,587.41,26.70045455,117.482,5,Setel Wallet,PRIMAX 95,15,605,40.33333333,Bank Account,No,EN,Yes,Unknown gender,8,6,0
151,7487fe98-418e-4dd6-80cc-fd82f3c4e3c0,,102,2022-06-25 00:00:00+00:00,2022-06-29 00:00:00+00:00,1,13,833.66,64.12769231,166.732,7,Setel Wallet,PRIMAX 95,11,940,85.45454545,Bank Account,No,EN,Yes,Unknown gender,4,2,0
152,aa06ccaa-36c4-419f-bc8d-135e15fbf856,43,75,2022-06-29 00:00:00+00:00,2022-06-30 00:00:00+00:00,1,89,3747.65,42.10842697,936.9125,0,Setel Wallet,PRIMAX 95,14,3873.07,276.6478571,Bank Account,No,EN,Yes,Male,1,1,0
144,495a76c7-d04c-4991-a340-f6b14c5192fe,29,74,2022-06-25 00:00:00+00:00,2022-06-26 00:00:00+00:00,1,47,557.71,11.86617021,139.4275,1,Setel Wallet,PRIMAX 95,14,580,41.42857143,Bank Account,No,EN,Yes,Male,1,5,0
153,b7cef013-13b8-46d2-a1a3-bbc195316250,28,142,2022-06-18 00:00:00+00:00,2022-06-19 00:00:00+00:00,1,10,435.74,43.574,72.62333333,14,Setel Wallet,PRIMAX 95,10,431,43.1,Grab,No,EN,Yes,Female,1,12,0
155,198c8960-65ea-4912-9fc8-bdd9b5ec24df,44,88,2022-06-27 00:00:00+00:00,2022-06-29 00:00:00+00:00,1,37,1312.91,35.48405405,328.2275,2,Setel Wallet,PRIMAX 95,38,1309.91,34.47131579,Card,Yes,EN,Yes,Female,2,2,0
156,11b99609-dfb4-44c6-b429-546cae15fb7d,43,122,2022-06-26 00:00:00+00:00,2022-06-30 00:00:00+00:00,1,32,693.71,21.6784375,138.742,3,Setel Wallet,PRIMAX 95,10,820,82,Epay Vouchers,No,EN,Yes,Male,4,1,0
157,a39941e5-7afe-426f-a3ac-1432d256a4b3,36,99,2022-06-23 00:00:00+00:00,2022-06-26 00:00:00+00:00,1,44,1533.48,34.85181818,383.37,2,Setel Wallet,PRIMAX 95,20,1543.48,77.174,Bank Account,Yes,EN,Yes,Male,3,5,0
158,47ce49c4-5fd0-4bdd-9c80-e6916aac0c4d,,126,2022-06-25 00:00:00+00:00,2022-06-29 00:00:00+00:00,1,18,790,43.88888889,158,7,Setel Wallet,PRIMAX 95,7,1005,143.5714286,Bank Account,No,EN,Yes,Unknown gender,4,2,0
159,55c878b6-efa8-4d28-9745-970dbc273863,,84,2022-06-27 00:00:00+00:00,2022-06-28 00:00:00+00:00,1,82,4047.19,49.35597561,1011.7975,1,Setel Wallet,PRIMAX 95,43,4095,95.23255814,Card,No,EN,Yes,Unknown gender,1,3,0
160,935538d9-ad4b-490c-ba1c-20118ba6b5c3,29,76,2022-06-27 00:00:00+00:00,2022-06-30 00:00:00+00:00,1,51,949.02,18.60823529,237.255,1,Setel Wallet,PRIMAX 95,23,1009.02,43.87043478,Bank Account,No,EN,Yes,Male,3,1,0
161,a4004464-8ecb-480d-a258-bbe20a6dcfaf,,95,2022-06-26 00:00:00+00:00,2022-06-30 00:00:00+00:00,1,31,1260,40.64516129,315,3,Setel Wallet,PRIMAX 95,30,1260,42,Card,No,EN,Yes,Unknown gender,4,1,0
154,ba90d3bf-0d01-4bb9-8202-ebbb3967bf84,,121,2022-03-24 00:00:00+00:00,2022-06-21 00:00:00+00:00,1,7,153,21.85714286,51,17,Setel Wallet,PRIMAX 95,7,150,21.42857143,Bank Account,No,EN,Yes,Unknown gender,89,10,0
97,4e1f936a-83ef-4462-8fbb-bb75c15c86f9,,146,2022-06-26 00:00:00+00:00,2022-06-30 00:00:00+00:00,1,78,2820.53,36.16064103,470.0883333,1,Setel Wallet,PRIMAX 95,45,2822,62.71111111,Card,No,EN,Yes,Unknown gender,4,1,0
199,2691e7ea-ac4f-4e58-ae89-8a9770b8b8e9,,71,2022-06-27 00:00:00+00:00,2022-06-28 00:00:00+00:00,1,32,2175.68,67.99,543.92,2,Setel Wallet,PRIMAX 95,25,2215,88.6,Grab,Yes,EN,Yes,Unknown gender,1,3,0
25,4864d30a-2328-4aed-8857-f61a0364472b,,145,2022-06-06 00:00:00+00:00,2022-06-30 00:00:00+00:00,1,20,1008,50.4,168,7,Setel Wallet,PRIMAX 95,12,1005,83.75,Bank Account,No,EN,Yes,Male,24,1,0
71,2cd3d9c1-db7d-4d20-b9bf-da7ce71071cf,,147,2022-06-15 00:00:00+00:00,2022-06-19 00:00:00+00:00,1,15,488,32.53333333,81.33333333,9,Setel Wallet,PRIMAX 95,15,485,32.33333333,Bank Account,No,EN,Yes,Female,4,12,0
70,0d36ad67-27d9-4599-8fb3-59dc34ac64e4,,102,2022-06-04 00:00:00+00:00,2022-06-22 00:00:00+00:00,1,10,200,20,40,10,Setel Wallet,PRIMAX 95,10,200,20,Bank Account,No,EN,Yes,Unknown gender,18,9,0
69,15d0bfaf-470f-4b87-a5fb-abfab615893e,,88,2022-06-12 00:00:00+00:00,2022-06-26 00:00:00+00:00,1,9,327,36.33333333,81.75,9,Setel Wallet,PRIMAX 95,13,329.73,25.36384615,Bank Account,Yes,EN,Yes,Unknown gender,14,5,0
68,b534c1cd-3337-4571-8f7a-6a0d7c328a58,26,90,2022-06-27 00:00:00+00:00,2022-06-29 00:00:00+00:00,1,49,252.54,5.153877551,63.135,1,Setel Wallet,PRIMAX 95,8,290,36.25,Card,No,EN,Yes,Male,2,2,0
67,6ef81486-4c15-4225-afcd-1c83981e803f,,97,2022-06-27 00:00:00+00:00,2022-06-29 00:00:00+00:00,1,80,319.35,3.991875,79.8375,1,Setel Wallet,PRIMAX 95,30,310,10.33333333,Card,No,EN,Yes,Unknown gender,2,2,0
63,a20cc594-d13e-4bc2-bd82-222c7d55baae,,148,2022-06-21 00:00:00+00:00,2022-06-29 00:00:00+00:00,1,18,435,24.16666667,72.5,8,Setel Wallet,PRIMAX 95,16,435,27.1875,Card,No,EN,Yes,Unknown gender,8,2,0
64,a8ab1058-a4ce-4649-aea0-cbe0eb0f59cc,,92,2022-06-16 00:00:00+00:00,2022-06-29 00:00:00+00:00,1,8,404.8,50.6,101.2,11,Setel Wallet,PRIMAX 95,7,380,54.28571429,Card,No,EN,Yes,Unknown gender,13,2,0
65,18c79fa2-7f66-4a17-9027-00020c17e522,34,145,2022-06-25 00:00:00+00:00,2022-06-27 00:00:00+00:00,1,35,2129.67,60.84771429,354.945,4,Setel Wallet,PRIMAX 95,34,2124.67,62.49029412,Card,Yes,EN,Yes,Male,2,4,0
66,367695ba-e5da-4e06-899e-931914958539,40,148,2022-06-24 00:00:00+00:00,2022-06-28 00:00:00+00:00,1,32,810,25.3125,135,4,Setel Wallet,PRIMAX 95,29,810,27.93103448,Bank Account,No,EN,Yes,Unknown gender,4,3,0
62,516503f1-05dc-441f-a3d9-00408ed73637,31,140,2022-06-28 00:00:00+00:00,2022-06-29 00:00:00+00:00,1,88,1543.19,17.53625,257.1983333,1,Setel Wallet,PRIMAX 95,37,1550,41.89189189,Card,No,EN,Yes,Male,1,2,0
61,41c69715-5261-4d23-aee2-b64989545467,50,72,2022-06-20 00:00:00+00:00,2022-06-26 00:00:00+00:00,1,14,1360.6,97.18571429,453.5333333,5,Setel Wallet,PRIMAX 95,9,1410,156.6666667,Bank Account,No,EN,Yes,Female,6,5,0
27,a3aa2e99-80fa-417d-abd5-4cb834482771,33,157,2022-06-25 00:00:00+00:00,2022-06-30 00:00:00+00:00,1,46,2355,51.19565217,392.5,3,Setel Wallet,PRIMAX 95,13,2550,196.1538462,Auto Topup,No,EN,Yes,Male,5,1,0
28,15002915-e50e-449b-9ef7-e0a1cd2196d9,34,122,2022-06-17 00:00:00+00:00,2022-06-22 00:00:00+00:00,1,16,960,60,192,7,Setel Wallet,PRIMAX 95,16,957,59.8125,Card,No,EN,Yes,Male,5,9,0
29,3045361d-f32b-4ddd-93c0-ef1460b23d05,27,145,2022-06-17 00:00:00+00:00,2022-06-26 00:00:00+00:00,1,22,1375.92,62.54181818,229.32,6,Setel Wallet,PRIMAX 95,22,1378.05,62.63863636,Bank Account,No,EN,Yes,Male,9,5,0
30,1b246b94-b93e-45db-84ef-2bcb1a0a67fd,42,79,2022-06-20 00:00:00+00:00,2022-06-26 00:00:00+00:00,1,17,1839.53,108.2076471,459.8825,4,Setel Wallet,EURO5,10,2010.05,201.005,Boost,Yes,EN,Yes,Male,6,5,0
31,7640adf8-f2cb-437e-88f9-ff1e8c46c3d1,,79,2022-06-17 00:00:00+00:00,2022-06-26 00:00:00+00:00,1,15,632.88,42.192,210.96,5,Setel Wallet,PRIMAX 95,15,630.03,42.002,Bank Account,No,EN,Yes,Unknown gender,9,5,0
32,ba038f44-2987-4f6e-bce0-8991032f6ed9,30,152,2022-06-27 00:00:00+00:00,2022-06-29 00:00:00+00:00,1,40,1035.17,25.87925,207.034,3,Setel Wallet,PRIMAX 95,27,1036,38.37037037,Bank Account,No,EN,Yes,Male,2,2,0
33,0565c9ec-1138-4976-b8b1-66b34e14d931,46,75,2022-06-25 00:00:00+00:00,2022-06-27 00:00:00+00:00,1,36,1076,29.88888889,269,2,Setel Wallet,PRIMAX 95,37,1077,29.10810811,Redemption Points,No,EN,Yes,Male,2,4,0
34,239466b0-0105-4d39-90dd-226c455183bd,30,72,2022-06-15 00:00:00+00:00,2022-06-29 00:00:00+00:00,1,16,895,55.9375,298.3333333,4,Setel Wallet,PRIMAX 95,5,1190,238,Bank Account,Yes,EN,Yes,Male,14,2,0
35,1a4e41bc-ca6f-44cd-a1c5-008a9eac8804,,124,2022-06-29 00:00:00+00:00,2022-06-30 00:00:00+00:00,1,28,1393.76,49.77714286,278.752,4,Setel Wallet,PRIMAX 95,25,1420,56.8,Card,No,EN,Yes,Unknown gender,1,1,0
26,96883828-4d74-433f-a4ab-bccb850f0077,32,97,2022-06-27 00:00:00+00:00,2022-06-29 00:00:00+00:00,1,51,767.9,15.05686275,191.975,1,CardTerus,PRIMAX 95,2,60,30,Card,Yes,EN,Yes,Male,2,2,0
78,9f48fcd7-c196-496c-a161-7b92f0d5d1c4,23,79,2022-04-25 00:00:00+00:00,2022-04-30 00:00:00+00:00,1,5,207.15,41.43,103.575,15,Setel Wallet,PRIMAX 95,3,210,70,Bank Account,No,EN,Yes,Male,5,62,1
19,14d4c9b8-4065-49d1-b557-9b16b9df6a4f,,145,2022-01-30 00:00:00+00:00,2022-02-05 00:00:00+00:00,1,4,126,31.5,63,36,Setel Wallet,PRIMAX 95,4,120,30,Bank Account,No,EN,Yes,Unknown gender,6,146,1
16,87029b04-912d-4372-99f4-a806709bf6b0,,148,2022-05-15 00:00:00+00:00,2022-05-29 00:00:00+00:00,1,36,992,27.55555556,198.4,4,Setel Wallet,EURO5,20,1092,54.6,Bank Account,No,EN,Yes,Unknown gender,14,33,1
17,33549b22-e0ad-4b6e-b7ed-897edb97f826,,129,2022-01-31 00:00:00+00:00,2022-02-03 00:00:00+00:00,1,3,80,26.66666667,40,43,Setel Wallet,PRIMAX 95,3,80,26.66666667,Bank Account,No,EN,Yes,Unknown gender,3,148,1
18,0acde3ca-ffe4-4477-abab-79493adf3d2c,,105,2022-04-03 00:00:00+00:00,2022-04-03 00:00:00+00:00,1,20,140,7,46.66666667,5,Setel Wallet,PRIMAX 95,4,140,35,Bank Account,No,EN,Yes,Unknown gender,0,89,1
14,45a85d1e-92fe-4766-99a3-e6025838ede3,,117,2022-02-27 00:00:00+00:00,2022-05-07 00:00:00+00:00,1,11,81,7.363636364,40.5,10,Setel Wallet,PRIMAX 95,7,81,11.57142857,Bank Account,No,EN,Yes,Unknown gender,69,55,1
20,8e97cac2-43b4-4936-ac9c-20ea58d365f0,,81,2022-06-01 00:00:00+00:00,2022-06-07 00:00:00+00:00,1,22,500,22.72727273,125,3,Setel Wallet,PRIMAX 95,17,500,29.41176471,Card,No,EN,Yes,Unknown gender,6,24,1
21,b2832ba4-e3f2-4448-9387-c996d0c8db0a,,138,2022-04-09 00:00:00+00:00,2022-05-02 00:00:00+00:00,1,14,395,28.21428571,79,9,Setel Wallet,PRIMAX 95,10,410,41,Bank Account,No,EN,Yes,Unknown gender,23,60,1
22,f6745681-97b8-444f-a774-ec714efacaa1,54,112,2022-05-11 00:00:00+00:00,2022-05-19 00:00:00+00:00,1,14,380,27.14285714,95,8,Setel Wallet,PRIMAX 95,10,401.67,40.167,Epay Vouchers,No,EN,Yes,Unknown gender,8,43,1
23,96fa8f4c-5382-47eb-9051-86a2dc11c9cd,,76,2022-05-07 00:00:00+00:00,2022-05-10 00:00:00+00:00,1,8,320,40,160,9,Setel Wallet,PRIMAX 95,3,320,106.6666667,Bank Account,No,EN,Yes,Unknown gender,3,52,1
24,f6f7f700-1b3b-48a1-bb51-eff1c8db9df5,26,151,2022-03-30 00:00:00+00:00,2022-04-15 00:00:00+00:00,1,14,404.55,28.89642857,101.1375,10,Setel Wallet,PRIMAX 95,7,400,57.14285714,Auto Topup,Yes,EN,Yes,Female,16,77,1
15,6321f8ad-1264-495b-b1dd-e36dad1f3631,36,154,2022-05-08 00:00:00+00:00,2022-05-14 00:00:00+00:00,1,8,405,50.625,81,19,Setel Wallet,PRIMAX 95,4,400,100,Bank Account,No,EN,Yes,Female,6,48,1
13,b28b8835-0563-46c9-8b4a-cd3732d79ad4,40,142,2022-05-11 00:00:00+00:00,2022-06-09 00:00:00+00:00,1,12,570,47.5,95,11,Setel Wallet,PRIMAX 95,13,565,43.46153846,Bank Account,No,EN,Yes,Female,29,22,1
10,413d00db-dc0d-48c2-8239-39be0ebe4f2c,,103,2022-04-25 00:00:00+00:00,2022-04-25 00:00:00+00:00,1,20,559,27.95,186.3333333,5,Setel Wallet,PRIMAX 95,13,550,42.30769231,Bank Account,No,EN,Yes,Unknown gender,0,67,1
11,85008800-26dc-4d5d-99a2-a5549aeb85d2,,89,2022-05-30 00:00:00+00:00,2022-06-14 00:00:00+00:00,1,6,290,48.33333333,72.5,14,Setel Wallet,PRIMAX 95,5,342,68.4,Bank Account,No,EN,Yes,Unknown gender,15,17,1
1,a336c9df-ace9-47cd-9aa3-2861a55baebd,,157,2022-04-30 00:00:00+00:00,2022-05-21 00:00:00+00:00,1,12,480,40,96,13,Setel Wallet,PRIMAX 95,6,580,96.66666667,Bank Account,No,EN,Yes,Unknown gender,21,41,1
2,be792c61-fd33-4c91-b3fd-3cd1ce8f784b,,137,2022-01-23 00:00:00+00:00,2022-01-23 00:00:00+00:00,1,3,63,21,63,45,Setel Wallet,PRIMAX 95,3,60,20,Others Vouchers,No,EN,Yes,Unknown gender,0,159,1
3,25e14d12-cc8f-4afa-8fb5-9d08276ec413,,146,2022-05-27 00:00:00+00:00,2022-06-03 00:00:00+00:00,1,19,984.41,51.81105263,164.0683333,7,Setel Wallet,PRIMAX 95,10,1100,110,Bank Account,No,EN,Yes,Unknown gender,7,28,1
4,358b9d43-6129-42ec-8a12-3c620d5300bc,27,94,2022-04-18 00:00:00+00:00,2022-05-25 00:00:00+00:00,1,14,610,43.57142857,203.3333333,6,Setel Wallet,DIESEL,10,610,61,Card,No,EN,Yes,Male,37,37,1
5,28d2015b-2966-412b-89c4-67149ddebb09,,154,2022-01-19 00:00:00+00:00,2022-01-30 00:00:00+00:00,1,4,48,12,48,38,Setel Wallet,PRIMAX 95,3,50,16.66666667,Bank Account,No,EN,Yes,Unknown gender,11,152,1
6,9f37405d-2974-461d-9548-687c42feca0f,,86,2022-05-28 00:00:00+00:00,2022-06-04 00:00:00+00:00,1,7,290,41.42857143,72.5,12,Setel Wallet,PRIMAX 95,8,291.73,36.46625,Bank Account,No,EN,Yes,Unknown gender,7,27,1
7,b40e3d18-c3ca-44ad-9ef7-b8d5f65ffbfe,,73,2022-06-03 00:00:00+00:00,2022-06-08 00:00:00+00:00,1,17,678,39.88235294,169.5,4,Setel Wallet,PRIMAX 95,9,675,75,Bank Account,No,EN,Yes,Unknown gender,5,23,1
8,3d1bfe6b-8ad3-41c3-a54f-afa273441f5f,,123,2022-04-22 00:00:00+00:00,2022-04-22 00:00:00+00:00,1,8,181,22.625,60.33333333,15,Setel Wallet,PRIMAX 97,4,180,45,Bank Account,No,EN,Yes,Unknown gender,0,70,1
189,a449352a-272a-49d8-8622-d48ee8a5bf26,32,107,2022-03-05 00:00:00+00:00,2022-03-08 00:00:00+00:00,1,5,180,36,90,21,Setel Wallet,PRIMAX 95,5,180,36,Card,No,EN,Yes,Female,3,115,1
188,934c3bb4-25c7-4434-8732-ad6980b31160,38,110,2022-06-12 00:00:00+00:00,2022-06-15 00:00:00+00:00,1,18,1176,65.33333333,235.2,6,Setel Wallet,PRIMAX 95,9,1170,130,Bank Account,No,ZH-HANS,Yes,Male,3,16,1
187,fd5b0bef-996d-4617-a942-b328f2026809,34,133,2022-02-18 00:00:00+00:00,2022-03-25 00:00:00+00:00,1,4,233.2,58.3,77.73333333,33,Setel Wallet,PRIMAX 95,3,260,86.66666667,Card,Yes,EN,Yes,Female,35,98,1
186,9fbe50d0-1a3b-46ef-b8e7-12649fd12660,31,86,2022-04-09 00:00:00+00:00,2022-04-19 00:00:00+00:00,1,5,110,22,55,17,Setel Wallet,PRIMAX 95,4,110,27.5,Bank Account,No,MS,Yes,Female,10,73,1
185,7d6af37a-a637-4baa-9fe2-ef3d87035046,24,87,2022-03-14 00:00:00+00:00,2022-03-21 00:00:00+00:00,1,3,225,75,225,29,Setel Wallet,PRIMAX 95,2,220,110,Card,No,EN,Yes,Male,7,102,1
184,0e08f30a-4ff0-4f49-8c27-2878cc0700a6,52,126,2022-03-25 00:00:00+00:00,2022-04-20 00:00:00+00:00,1,8,301,37.625,100.3333333,15,Setel Wallet,PRIMAX 95,9,340,37.77777778,Bank Account,No,EN,Yes,Female,26,72,1
183,9d8f79d6-6269-4f32-9e7b-632d750458d0,27,133,2022-06-08 00:00:00+00:00,2022-06-14 00:00:00+00:00,1,15,729,48.6,121.5,8,Setel Wallet,PRIMAX 95,15,720,48,Bank Account,No,EN,Yes,Male,6,17,1
182,918c42f9-0a5b-48a5-85c0-0ba48caf43bf,,128,2022-06-06 00:00:00+00:00,2022-06-14 00:00:00+00:00,1,11,441,40.09090909,88.2,11,Setel Wallet,PRIMAX 95,12,490,40.83333333,Bank Account,No,EN,Yes,Unknown gender,8,17,1
181,eb28e7dc-c003-4c0b-8a6e-7d1225af5425,,142,2022-05-26 00:00:00+00:00,2022-05-30 00:00:00+00:00,1,20,286,14.3,57.2,7,Setel Wallet,PRIMAX 97,16,285,17.8125,Bank Account,No,EN,Yes,Unknown gender,4,32,1
180,516bb228-30c7-4312-8729-a07926a82a9d,,133,2022-01-27 00:00:00+00:00,2022-01-27 00:00:00+00:00,1,3,23,7.666666667,23,44,Setel Wallet,PRIMAX 95,1,20,20,Others Vouchers,No,EN,Yes,Unknown gender,0,155,1
179,b85ada18-ae8f-42ce-aedd-9444456018dd,,105,2022-03-09 00:00:00+00:00,2022-03-21 00:00:00+00:00,1,3,25,8.333333333,12.5,35,Setel Wallet,PRIMAX 95,1,20,20,Card,Yes,EN,Yes,Male,12,102,1
178,7189d125-1551-4bc0-b21f-bbc9df03f610,,154,2022-03-03 00:00:00+00:00,2022-03-04 00:00:00+00:00,1,14,1098.62,78.47285714,366.2066667,11,Setel Wallet,PRIMAX 95,13,1114,85.69230769,Bank Account,No,ZH-HANS,Yes,Unknown gender,1,119,1
177,8c2cc64d-1da8-410b-b4a2-55dd2f42d9ab,,74,2022-03-27 00:00:00+00:00,2022-03-27 00:00:00+00:00,1,3,23,7.666666667,23,24,Setel Wallet,PRIMAX 95,1,20,20,Others Vouchers,No,EN,Yes,Unknown gender,0,96,1
176,833582b5-d838-4cb0-9805-d1c84a5d4279,,111,2022-02-19 00:00:00+00:00,2022-02-24 00:00:00+00:00,1,4,115,28.75,115,27,Setel Wallet,PRIMAX 95,1,50,50,Epay Vouchers,No,EN,Yes,Unknown gender,5,127,1
175,3509ade2-b681-4ef4-ad9c-739c91a99cc8,,140,2022-05-09 00:00:00+00:00,2022-05-12 00:00:00+00:00,1,10,300.33,30.033,60.066,14,Setel Wallet,PRIMAX 95,10,310,31,Bank Account,Yes,EN,Yes,Unknown gender,3,50,1
174,48df57cc-89a0-430a-8592-ce7826b6e9cd,,151,2022-01-27 00:00:00+00:00,2022-01-30 00:00:00+00:00,1,3,130,43.33333333,130,50,Setel Wallet,PRIMAX 95,4,168,42,Card,No,EN,Yes,Unknown gender,3,152,1
173,3784e894-7535-498e-b71a-715a819b24d2,42,156,2022-03-15 00:00:00+00:00,2022-03-15 00:00:00+00:00,1,16,373,23.3125,186.5,9,Setel Wallet,PRIMAX 95,13,370,28.46153846,Others Vouchers,No,EN,Yes,Female,0,108,1
9,4c24469c-c562-4d2d-9e7e-ddd29507c68b,,142,2022-01-23 00:00:00+00:00,2022-02-02 00:00:00+00:00,1,3,162,54,81,47,Setel Wallet,PRIMAX 95,2,160,80,Bank Account,No,EN,Yes,Unknown gender,10,149,1
36,49a23984-5b23-4316-9923-847c478383d5,25,80,2022-05-20 00:00:00+00:00,2022-06-03 00:00:00+00:00,1,15,216,14.4,54,5,Setel Wallet,PRIMAX 95,8,216,27,Bank Account,No,EN,Yes,Male,14,28,1
12,6a10b449-1dbc-460d-a4f2-2feef0aa65f0,,89,2022-04-09 00:00:00+00:00,2022-05-19 00:00:00+00:00,1,4,35.35,8.8375,11.78333333,22,Setel Wallet,PRIMAX 95,4,40,10,Bank Account,No,EN,Yes,Unknown gender,40,43,1
37,a05f9ec3-fd35-4c06-b601-b2bbf7886999,,141,2022-02-05 00:00:00+00:00,2022-02-13 00:00:00+00:00,1,5,106,21.2,53,28,Setel Wallet,PRIMAX 97,3,100,33.33333333,Bank Account,No,EN,Yes,Unknown gender,8,138,1
43,b1f28917-9f2c-4268-87fe-b53ae98f35b0,,96,2022-03-05 00:00:00+00:00,2022-03-11 00:00:00+00:00,1,3,30,10,30,32,Setel Wallet,PRIMAX 95,1,20,20,Bank Account,No,EN,Yes,Unknown gender,6,112,1
39,20292f3b-bef9-4c5f-a109-e1ed0536db7f,,75,2022-04-02 00:00:00+00:00,2022-04-04 00:00:00+00:00,1,3,100,33.33333333,50,25,Setel Wallet,PRIMAX 95,1,100,100,Bank Account,No,EN,Yes,Unknown gender,2,88,1
107,434bf296-6329-4e3f-994a-5203879ac076,,125,2022-04-19 00:00:00+00:00,2022-04-22 00:00:00+00:00,1,38,2281.82,60.04789474,760.6066667,3,CardTerus,PRIMAX 95,2,300,150,Bank Account,No,EN,Yes,Unknown gender,3,70,1
72,5145c373-b546-44c6-a720-77caca488669,32,96,2022-05-24 00:00:00+00:00,2022-06-10 00:00:00+00:00,1,56,14823.33,264.7023214,3705.8325,1,Setel Wallet,EURO5,25,15303.89,612.1556,Redemption Points,Yes,EN,Yes,Unknown gender,17,21,1
73,a4bdee78-7fd1-48a3-ab78-e26f680a1dd5,33,89,2022-06-07 00:00:00+00:00,2022-06-10 00:00:00+00:00,1,9,279.75,31.08333333,93.25,9,Setel Wallet,PRIMAX 95,4,280,70,Bank Account,No,MS,Yes,Male,3,21,1
74,153ab8ef-b386-4112-bf4f-a776098f7d01,38,147,2022-02-09 00:00:00+00:00,2022-02-11 00:00:00+00:00,1,3,90.5,30.16666667,90.5,49,Setel Wallet,PRIMAX 95,1,100,100,Bank Account,Yes,EN,Yes,Male,2,140,1
75,13e845cf-7278-4ae4-8f2b-b0e59b4da637,,81,2022-05-28 00:00:00+00:00,2022-06-08 00:00:00+00:00,1,6,154,25.66666667,38.5,13,Setel Wallet,PRIMAX 95,6,154,25.66666667,Bank Account,No,EN,Yes,Unknown gender,11,23,1
76,357ea000-cb38-4906-8f8b-c30b9bc45d7a,,103,2022-03-06 00:00:00+00:00,2022-03-07 00:00:00+00:00,1,5,200,40,100,20,Setel Wallet,PRIMAX 95,9,200,22.22222222,Epay Vouchers,No,EN,Yes,Unknown gender,1,116,1
96,f6a9ee50-da7a-4e0d-b466-e433b315a6a2,29,85,2022-05-21 00:00:00+00:00,2022-06-01 00:00:00+00:00,1,11,255,23.18181818,63.75,7,Setel Wallet,PRIMAX 95,10,250,25,Bank Account,No,EN,Yes,Female,11,30,1
95,974eabab-3559-417e-a99b-3de858a29a6b,,116,2022-05-03 00:00:00+00:00,2022-05-04 00:00:00+00:00,1,6,133,22.16666667,33.25,19,Setel Wallet,PRIMAX 95,6,130,21.66666667,Bank Account,No,EN,Yes,Male,1,58,1
94,ff04c996-b1c0-4969-a3a6-6f9338c547e8,,156,2022-01-13 00:00:00+00:00,2022-01-16 00:00:00+00:00,1,3,73,24.33333333,73,52,Setel Wallet,PRIMAX 95,4,70,17.5,Bank Account,No,EN,Yes,Unknown gender,3,166,1
93,b308f85d-e27a-4143-a0f0-ff6db73f26e8,,96,2022-03-17 00:00:00+00:00,2022-06-09 00:00:00+00:00,1,4,90,22.5,45,24,Setel Wallet,PRIMAX 95,4,90,22.5,Card,No,EN,Yes,Unknown gender,84,22,1
92,3003c6cc-9179-46af-9c27-8c701269e261,,137,2022-01-23 00:00:00+00:00,2022-01-23 00:00:00+00:00,1,3,23,7.666666667,23,45,Setel Wallet,PRIMAX 95,1,20,20,Others Vouchers,No,EN,Yes,Unknown gender,0,159,1
108,336ef963-c268-4a7b-bf11-8470c071227f,,139,2022-01-21 00:00:00+00:00,2022-01-21 00:00:00+00:00,1,3,23,7.666666667,23,46,Setel Wallet,PRIMAX 95,1,20,20,Others Vouchers,No,EN,Yes,Unknown gender,0,161,1
91,27ed9df9-35db-4945-9ce0-5d1fc2ec95ee,,101,2022-03-17 00:00:00+00:00,2022-03-24 00:00:00+00:00,1,6,73,12.16666667,36.5,16,Setel Wallet,PRIMAX 95,4,70,17.5,Card,No,EN,Yes,Unknown gender,7,99,1
89,9c28f166-5d06-4dc5-95f0-33eee72779b5,,102,2022-02-27 00:00:00+00:00,2022-02-27 00:00:00+00:00,1,3,23,7.666666667,23,34,Setel Wallet,PRIMAX 95,1,20,20,Others Vouchers,No,EN,Yes,Unknown gender,0,124,1
88,2eec0eff-e33b-42a5-b01d-4376d4aa9db7,27,150,2022-04-04 00:00:00+00:00,2022-04-23 00:00:00+00:00,1,15,1132.09,75.47266667,283.0225,10,Setel Wallet,PRIMAX 95,4,1150,287.5,Bank Account,No,EN,Yes,Male,19,69,1
87,647dbc09-7d2f-47b9-9310-19569643f4d7,,106,2022-04-25 00:00:00+00:00,2022-05-08 00:00:00+00:00,1,5,140,28,46.66666667,21,Setel Wallet,PRIMAX 95,5,140,28,Bank Account,No,EN,Yes,Unknown gender,13,54,1
86,49c61141-3a35-44b9-aa2d-11b4bacc97fe,,158,2022-02-27 00:00:00+00:00,2022-03-08 00:00:00+00:00,1,7,220,31.42857143,73.33333333,22,Setel Wallet,PRIMAX 95,6,220,36.66666667,Bank Account,No,EN,Yes,Unknown gender,9,115,1
85,b67f1b18-44a4-4b44-a6bc-4dfd62f47961,24,149,2022-03-19 00:00:00+00:00,2022-04-23 00:00:00+00:00,1,5,70,14,23.33333333,29,CardTerus,PRIMAX 95,1,10,10,Card,No,EN,Yes,Female,35,69,1
84,05b3c66e-09f1-449b-9040-9793ac0528af,,119,2022-02-22 00:00:00+00:00,2022-02-24 00:00:00+00:00,1,3,100,33.33333333,100,39,Setel Wallet,DIESEL,1,100,100,Bank Account,No,EN,Yes,Unknown gender,2,127,1
83,87240ef4-4b86-4e37-a197-fe9cd6a0f8af,,96,2022-06-12 00:00:00+00:00,2022-06-16 00:00:00+00:00,1,28,657,23.46428571,164.25,3,Setel Wallet,PRIMAX 95,11,600,54.54545455,Card,No,EN,Yes,Unknown gender,4,15,1
82,45191a7a-335c-46fe-8aa1-1662a6cb2697,,105,2022-05-24 00:00:00+00:00,2022-06-14 00:00:00+00:00,1,9,444.59,49.39888889,111.1475,11,Setel Wallet,PRIMAX 95,8,455,56.875,Grab,No,ZH-HANS,Yes,Unknown gender,21,17,1
81,5884d989-4546-40df-8e46-36db9520d7f3,,76,2022-03-26 00:00:00+00:00,2022-03-26 00:00:00+00:00,1,3,90,30,90,25,Setel Wallet,PRIMAX 95,1,50,50,Epay Vouchers,No,EN,Yes,Unknown gender,0,97,1
80,3f953786-346b-4588-b97f-1662dc664066,,126,2022-03-20 00:00:00+00:00,2022-05-23 00:00:00+00:00,1,6,250,41.66666667,83.33333333,21,Setel Wallet,DIESEL,7,249,35.57142857,Card,No,EN,Yes,Unknown gender,64,39,1
79,bfb157d3-8c1d-40c1-82db-0c2f3cdd7299,,78,2022-03-25 00:00:00+00:00,2022-04-21 00:00:00+00:00,1,3,203,67.66666667,101.5,26,Setel Wallet,PRIMAX 95,2,200,100,Epay Vouchers,No,EN,Yes,Unknown gender,27,71,1
90,12a9039a-57ff-47b3-ab13-f1b630b0d745,,95,2022-04-09 00:00:00+00:00,2022-04-21 00:00:00+00:00,1,4,170,42.5,85,23,Setel Wallet,PRIMAX 95,4,170,42.5,Bank Account,No,EN,Yes,Unknown gender,12,71,1
38,b8d38d2d-e161-4f5a-b8b8-4e33a1e0eee0,,84,2022-05-30 00:00:00+00:00,2022-06-07 00:00:00+00:00,1,8,349.89,43.73625,87.4725,10,Setel Wallet,PRIMAX 95,9,359,39.88888889,Card,No,EN,Yes,Female,8,24,1
109,33d1ba93-718f-4f08-8f79-baf807797c6f,,135,2022-04-15 00:00:00+00:00,2022-05-31 00:00:00+00:00,1,12,643,53.58333333,128.6,11,Setel Wallet,PRIMAX 95,12,640,53.33333333,Card,No,EN,Yes,Unknown gender,46,31,1
111,1630ced5-ba1a-458f-80f4-a7e229ad7995,,96,2022-05-30 00:00:00+00:00,2022-06-04 00:00:00+00:00,1,10,351.92,35.192,87.98,9,Setel Wallet,PRIMAX 95,7,365,52.14285714,Bank Account,No,EN,Yes,Unknown gender,5,27,1
40,2ed30867-ee33-48bd-b22c-9c87cf9c8a17,,124,2022-03-28 00:00:00+00:00,2022-05-14 00:00:00+00:00,1,8,336.77,42.09625,112.2566667,15,Setel Wallet,PRIMAX 95,6,410,68.33333333,Bank Account,Yes,EN,Yes,Unknown gender,47,48,1
41,78115d3e-732e-41e8-bc9c-792a5606f57d,,73,2022-04-27 00:00:00+00:00,2022-05-13 00:00:00+00:00,1,4,180,45,60,18,Setel Wallet,PRIMAX 95,3,180,60,Bank Account,No,EN,Yes,Unknown gender,16,49,1
42,9d7ced3a-ec0a-4b72-a9a8-fab93950266c,24,93,2022-03-17 00:00:00+00:00,2022-03-24 00:00:00+00:00,1,3,150,50,150,31,Setel Wallet,PRIMAX 95,3,150,50,Bank Account,No,EN,Yes,Female,7,99,1
77,2c654610-5df8-4ca1-95ec-d367d7fd6478,,141,2022-01-30 00:00:00+00:00,2022-02-01 00:00:00+00:00,1,3,133,44.33333333,66.5,47,Setel Wallet,PRIMAX 95,3,150,50,Bank Account,No,EN,Yes,Unknown gender,2,150,1
44,3a549d74-2ade-4024-8966-a18d4fec7bd7,,78,2022-05-02 00:00:00+00:00,2022-05-06 00:00:00+00:00,1,12,415,34.58333333,138.3333333,6,Setel Wallet,PRIMAX 95,9,415,46.11111111,Card,No,EN,Yes,Unknown gender,4,56,1
45,49a4d6c0-b946-4067-b81b-5fa2c2054327,25,78,2022-05-30 00:00:00+00:00,2022-06-15 00:00:00+00:00,1,11,458.19,41.65363636,114.5475,7,Setel Wallet,PRIMAX 95,7,455,65,Bank Account,No,EN,Yes,Female,16,16,1
46,35b1673d-9b79-444d-ad71-65b3f6ac739b,,110,2022-06-10 00:00:00+00:00,2022-06-11 00:00:00+00:00,1,8,180,22.5,45,13,Setel Wallet,PRIMAX 95,8,180,22.5,Bank Account,No,EN,Yes,Unknown gender,1,20,1
47,8625a31c-7428-483d-a79c-0c8c8bfce646,,85,2022-05-19 00:00:00+00:00,2022-05-22 00:00:00+00:00,1,11,40,3.636363636,20,7,Setel Wallet,PRIMAX 95,2,40,20,Bank Account,No,EN,Yes,Unknown gender,3,40,1
48,2bb2504f-3f31-49af-aad4-46788a6d1cb5,24,106,2022-06-07 00:00:00+00:00,2022-06-14 00:00:00+00:00,1,10,309.6,30.96,61.92,10,Setel Wallet,PRIMAX 95,9,355,39.44444444,Card,No,MS,Yes,Female,7,17,1
49,b06a5c95-2b7d-49a2-8386-902173e1e88e,,71,2022-05-12 00:00:00+00:00,2022-05-18 00:00:00+00:00,1,7,80,11.42857143,26.66666667,10,Setel Wallet,PRIMAX 95,3,80,26.66666667,Bank Account,No,EN,Yes,Unknown gender,6,44,1
50,35695fe3-0a12-4397-ad54-53c14854754e,,144,2022-05-20 00:00:00+00:00,2022-06-04 00:00:00+00:00,1,8,282,35.25,56.4,18,Setel Wallet,PRIMAX 95,5,240,48,Bank Account,No,EN,Yes,Unknown gender,15,27,1
110,18b5512e-49d7-47b8-b814-c6edc0a5ddc4,28,157,2022-05-18 00:00:00+00:00,2022-05-26 00:00:00+00:00,1,18,582.55,32.36388889,116.51,8,Setel Wallet,PRIMAX 95,17,582.55,34.26764706,Bank Account,No,EN,Yes,Male,8,36,1
51,5333afb3-18b4-487e-93bf-d58da84d6f3a,25,82,2022-05-01 00:00:00+00:00,2022-05-02 00:00:00+00:00,1,8,129.68,16.21,43.22666667,10,Setel Wallet,PRIMAX 95,5,130,26,Card,Yes,EN,Yes,Male,1,60,1
53,93291dcc-0d51-40ad-8e41-07bcf4cbad22,,76,2022-03-26 00:00:00+00:00,2022-03-26 00:00:00+00:00,1,5,90,18,90,15,Setel Wallet,PRIMAX 95,1,50,50,Epay Vouchers,No,EN,Yes,Unknown gender,0,97,1
54,09a8cfbf-f66c-4b6f-8d44-9d97c37de482,24,133,2022-03-24 00:00:00+00:00,2022-05-24 00:00:00+00:00,1,6,69,11.5,34.5,22,Setel Wallet,PRIMAX 95,4,70,17.5,Bank Account,Yes,EN,Yes,Male,61,38,1
55,1f3e7c42-80b1-4a4e-a3c3-d9bbe641b490,,147,2022-02-14 00:00:00+00:00,2022-02-14 00:00:00+00:00,1,5,187.08,37.416,93.54,29,Setel Wallet,PRIMAX 95,5,195.06,39.012,Card,No,EN,Yes,Unknown gender,0,137,1
56,832a1659-9591-4ba0-8e7b-b3fd8692423b,,83,2022-03-31 00:00:00+00:00,2022-03-31 00:00:00+00:00,1,12,2950,245.8333333,2950,6,Setel Wallet,DIESEL,12,2950,245.8333333,Bank Account,No,EN,Yes,Unknown gender,0,92,1
57,a6c18f0f-34e4-4f8e-8549-483b41409f1f,,119,2022-03-28 00:00:00+00:00,2022-04-02 00:00:00+00:00,1,5,200,40,66.66666667,23,Setel Wallet,PRIMAX 95,4,200,50,Others Vouchers,No,EN,Yes,Unknown gender,5,90,1
58,91563d9e-5ea7-477d-9b7a-eef036a89919,,109,2022-06-09 00:00:00+00:00,2022-06-13 00:00:00+00:00,1,26,1207.97,46.46038462,241.594,4,Setel Wallet,PRIMAX 95,26,1210,46.53846154,Card,No,EN,Yes,Unknown gender,4,18,1
59,9550ea14-465a-42dd-b0bb-f823165636e6,28,141,2022-01-25 00:00:00+00:00,2022-01-27 00:00:00+00:00,1,5,169,33.8,169,28,Setel Wallet,PRIMAX 95,5,160,32,Bank Account,No,EN,Yes,Male,2,155,1
60,efff1487-2935-4345-b347-0ce33e79b189,,120,2022-05-30 00:00:00+00:00,2022-05-31 00:00:00+00:00,1,10,608.06,60.806,304.03,12,Setel Wallet,PRIMAX 95,5,660,132,Bank Account,No,EN,Yes,Unknown gender,1,31,1
114,aef4c149-0ae7-4d52-b609-d2633d3edb07,26,150,2022-01-24 00:00:00+00:00,2022-05-08 00:00:00+00:00,1,5,468.59,93.718,234.295,30,Setel Wallet,PRIMAX 95,1,500,500,Bank Account,No,EN,Yes,Male,104,54,1
113,387aabb5-3c7c-46b4-85ed-edede35e4fa9,,91,2022-03-10 00:00:00+00:00,2022-03-10 00:00:00+00:00,1,3,23,7.666666667,23,30,Setel Wallet,PRIMAX 95,1,20,20,Others Vouchers,No,EN,Yes,Unknown gender,0,113,1
112,764f569a-842f-4ff7-a5e3-c26a95209c7c,38,112,2022-04-15 00:00:00+00:00,2022-04-26 00:00:00+00:00,1,26,1327.93,51.07423077,442.6433333,4,Setel Wallet,DIESEL,1,83.75,83.75,Redemption Points,No,EN,Yes,Male,11,66,1
52,eefa91d1-6683-4896-94bd-ac1da4c38869,,114,2022-04-22 00:00:00+00:00,2022-04-29 00:00:00+00:00,1,5,120,24,40,22,Setel Wallet,PRIMAX 95,3,120,40,Bank Account,No,EN,Yes,Unknown gender,7,63,1
0,5034c006-3529-48b2-9905-5300a2240623,29,119,2022-02-17 00:00:00+00:00,2022-02-17 00:00:00+00:00,1,6,5160,860,5160,19,Setel Wallet,DIESEL,5,5202,1040.4,Redemption Points,No,EN,Yes,Female,0,134,1
